Method,Job,AnalyzeLaunchVariance,EvaluateOverhead,MaxAbsoluteError,MaxRelativeError,MinInvokeCount,MinIterationTime,OutlierMode,Affinity,EnvironmentVariables,Jit,LargeAddressAware,Platform,PowerPlanMode,Runtime,AllowVeryLargeObjects,Concurrent,CpuGroups,Force,HeapAffinitizeMask,HeapCount,NoAffinitize,RetainVm,Server,Arguments,BuildConfiguration,Clock,EngineFactory,NuGetReferences,Toolchain,IsMutator,InvocationCount,IterationCount,IterationTime,LaunchCount,MaxIterationCount,MaxWarmupIterationCount,MemoryRandomization,MinIterationCount,MinWarmupIterationCount,RunStrategy,UnrollFactor,WarmupCount,Fake,Endpoints,Mean,Error,StdDev,Gen0,Gen1,Allocated
SetupFull,Job-JWCJLA,False,Default,Default,Default,Default,Default,Default,11111111,Empty,RyuJit,Default,X64,8c5e7fda-e8bf-4a96-9a85-a6e23a8c635c,.NET 10.0,False,True,False,True,Default,Default,False,False,False,Default,Default,Default,Default,Default,Default,Default,Default,12,Default,Default,Default,Default,Default,Default,Default,Default,16,3,Handwritten,20,466.865 μs,101.1284 μs,78.9544 μs,13.6719,1.9531,58.26 KB
RegisterOnly,Job-JWCJLA,False,Default,Default,Default,Default,Default,Default,11111111,Empty,RyuJit,Default,X64,8c5e7fda-e8bf-4a96-9a85-a6e23a8c635c,.NET 10.0,False,True,False,True,Default,Default,False,False,False,Default,Default,Default,Default,Default,Default,Default,Default,12,Default,Default,Default,Default,Default,Default,Default,Default,16,3,Handwritten,20,2.123 μs,0.1492 μs,0.1079 μs,1.2760,0.0000,5.22 KB
SetupFull,Job-JWCJLA,False,Default,Default,Default,Default,Default,Default,11111111,Empty,RyuJit,Default,X64,8c5e7fda-e8bf-4a96-9a85-a6e23a8c635c,.NET 10.0,False,True,False,True,Default,Default,False,False,False,Default,Default,Default,Default,Default,Default,Default,Default,12,Default,Default,Default,Default,Default,Default,Default,Default,16,3,Handwritten,200,438.562 μs,58.0616 μs,38.4041 μs,25.3906,5.8594,106.57 KB
RegisterOnly,Job-JWCJLA,False,Default,Default,Default,Default,Default,Default,11111111,Empty,RyuJit,Default,X64,8c5e7fda-e8bf-4a96-9a85-a6e23a8c635c,.NET 10.0,False,True,False,True,Default,Default,False,False,False,Default,Default,Default,Default,Default,Default,Default,Default,12,Default,Default,Default,Default,Default,Default,Default,Default,16,3,Handwritten,200,25.839 μs,4.1808 μs,3.2641 μs,13.0310,0.0305,53.31 KB
SetupFull,Job-JWCJLA,False,Default,Default,Default,Default,Default,Default,11111111,Empty,RyuJit,Default,X64,8c5e7fda-e8bf-4a96-9a85-a6e23a8c635c,.NET 10.0,False,True,False,True,Default,Default,False,False,False,Default,Default,Default,Default,Default,Default,Default,Default,12,Default,Default,Default,Default,Default,Default,Default,Default,16,3,HttpC(...)ption [22],20,492.368 μs,102.8911 μs,80.3306 μs,20.5078,0.9766,86.96 KB
RegisterOnly,Job-JWCJLA,False,Default,Default,Default,Default,Default,Default,11111111,Empty,RyuJit,Default,X64,8c5e7fda-e8bf-4a96-9a85-a6e23a8c635c,.NET 10.0,False,True,False,True,Default,Default,False,False,False,Default,Default,Default,Default,Default,Default,Default,Default,12,Default,Default,Default,Default,Default,Default,Default,Default,16,3,HttpC(...)ption [22],20,58.753 μs,7.1620 μs,5.5916 μs,10.1318,0.0000,41.46 KB
SetupFull,Job-JWCJLA,False,Default,Default,Default,Default,Default,Default,11111111,Empty,RyuJit,Default,X64,8c5e7fda-e8bf-4a96-9a85-a6e23a8c635c,.NET 10.0,False,True,False,True,Default,Default,False,False,False,Default,Default,Default,Default,Default,Default,Default,Default,12,Default,Default,Default,Default,Default,Default,Default,Default,16,3,HttpC(...)ption [22],200,"1,451.636 μs",402.8014 μs,314.4809 μs,93.7500,31.2500,407.34 KB
RegisterOnly,Job-JWCJLA,False,Default,Default,Default,Default,Default,Default,11111111,Empty,RyuJit,Default,X64,8c5e7fda-e8bf-4a96-9a85-a6e23a8c635c,.NET 10.0,False,True,False,True,Default,Default,False,False,False,Default,Default,Default,Default,Default,Default,Default,Default,12,Default,Default,Default,Default,Default,Default,Default,Default,16,3,HttpC(...)ption [22],200,324.649 μs,45.0510 μs,35.1728 μs,85.4492,20.9961,356.88 KB
SetupFull,Job-JWCJLA,False,Default,Default,Default,Default,Default,Default,11111111,Empty,RyuJit,Default,X64,8c5e7fda-e8bf-4a96-9a85-a6e23a8c635c,.NET 10.0,False,True,False,True,Default,Default,False,False,False,Default,Default,Default,Default,Default,Default,Default,Default,12,Default,Default,Default,Default,Default,Default,Default,Default,16,3,MockHttp,20,474.644 μs,71.7870 μs,56.0466 μs,18.5547,0.9766,77.33 KB
RegisterOnly,Job-JWCJLA,False,Default,Default,Default,Default,Default,Default,11111111,Empty,RyuJit,Default,X64,8c5e7fda-e8bf-4a96-9a85-a6e23a8c635c,.NET 10.0,False,True,False,True,Default,Default,False,False,False,Default,Default,Default,Default,Default,Default,Default,Default,12,Default,Default,Default,Default,Default,Default,Default,Default,16,3,MockHttp,20,15.128 μs,2.5613 μs,1.9997 μs,5.6915,0.0000,23.27 KB
SetupFull,Job-JWCJLA,False,Default,Default,Default,Default,Default,Default,11111111,Empty,RyuJit,Default,X64,8c5e7fda-e8bf-4a96-9a85-a6e23a8c635c,.NET 10.0,False,True,False,True,Default,Default,False,False,False,Default,Default,Default,Default,Default,Default,Default,Default,12,Default,Default,Default,Default,Default,Default,Default,Default,16,3,MockHttp,200,738.915 μs,212.1508 μs,165.6334 μs,70.3125,17.5781,291.04 KB
RegisterOnly,Job-JWCJLA,False,Default,Default,Default,Default,Default,Default,11111111,Empty,RyuJit,Default,X64,8c5e7fda-e8bf-4a96-9a85-a6e23a8c635c,.NET 10.0,False,True,False,True,Default,Default,False,False,False,Default,Default,Default,Default,Default,Default,Default,Default,12,Default,Default,Default,Default,Default,Default,Default,Default,16,3,MockHttp,200,176.682 μs,27.1172 μs,21.1713 μs,56.8848,0.4883,232.38 KB
SetupFull,Job-JWCJLA,False,Default,Default,Default,Default,Default,Default,11111111,Empty,RyuJit,Default,X64,8c5e7fda-e8bf-4a96-9a85-a6e23a8c635c,.NET 10.0,False,True,False,True,Default,Default,False,False,False,Default,Default,Default,Default,Default,Default,Default,Default,12,Default,Default,Default,Default,Default,Default,Default,Default,16,3,MoqContrib,20,"325,486.010 μs","33,553.9064 μs","22,193.8316 μs",0.0000,0.0000,971.06 KB
RegisterOnly,Job-JWCJLA,False,Default,Default,Default,Default,Default,Default,11111111,Empty,RyuJit,Default,X64,8c5e7fda-e8bf-4a96-9a85-a6e23a8c635c,.NET 10.0,False,True,False,True,Default,Default,False,False,False,Default,Default,Default,Default,Default,Default,Default,Default,12,Default,Default,Default,Default,Default,Default,Default,Default,16,3,MoqContrib,20,"460,442.125 μs","47,801.3206 μs","37,320.1269 μs",0.0000,0.0000,909.05 KB
SetupFull,Job-JWCJLA,False,Default,Default,Default,Default,Default,Default,11111111,Empty,RyuJit,Default,X64,8c5e7fda-e8bf-4a96-9a85-a6e23a8c635c,.NET 10.0,False,True,False,True,Default,Default,False,False,False,Default,Default,Default,Default,Default,Default,Default,Default,12,Default,Default,Default,Default,Default,Default,Default,Default,16,3,MoqContrib,200,"3,942,516.642 μs","304,456.2954 μs","237,699.4492 μs",2000.0000,1000.0000,9869.15 KB
RegisterOnly,Job-JWCJLA,False,Default,Default,Default,Default,Default,Default,11111111,Empty,RyuJit,Default,X64,8c5e7fda-e8bf-4a96-9a85-a6e23a8c635c,.NET 10.0,False,True,False,True,Default,Default,False,False,False,Default,Default,Default,Default,Default,Default,Default,Default,12,Default,Default,Default,Default,Default,Default,Default,Default,16,3,MoqContrib,200,"4,111,227.508 μs","524,717.6272 μs","409,665.0089 μs",2000.0000,1000.0000,9736.44 KB
SetupFull,Job-JWCJLA,False,Default,Default,Default,Default,Default,Default,11111111,Empty,RyuJit,Default,X64,8c5e7fda-e8bf-4a96-9a85-a6e23a8c635c,.NET 10.0,False,True,False,True,Default,Default,False,False,False,Default,Default,Default,Default,Default,Default,Default,Default,12,Default,Default,Default,Default,Default,Default,Default,Default,16,3,WireMock,20,"4,897.890 μs",684.3896 μs,534.3264 μs,125.0000,78.1250,576.01 KB
RegisterOnly,Job-JWCJLA,False,Default,Default,Default,Default,Default,Default,11111111,Empty,RyuJit,Default,X64,8c5e7fda-e8bf-4a96-9a85-a6e23a8c635c,.NET 10.0,False,True,False,True,Default,Default,False,False,False,Default,Default,Default,Default,Default,Default,Default,Default,12,Default,Default,Default,Default,Default,Default,Default,Default,16,3,WireMock,20,371.546 μs,66.2281 μs,51.7065 μs,56.6406,0.0000,231.53 KB
SetupFull,Job-JWCJLA,False,Default,Default,Default,Default,Default,Default,11111111,Empty,RyuJit,Default,X64,8c5e7fda-e8bf-4a96-9a85-a6e23a8c635c,.NET 10.0,False,True,False,True,Default,Default,False,False,False,Default,Default,Default,Default,Default,Default,Default,Default,12,Default,Default,Default,Default,Default,Default,Default,Default,16,3,WireMock,200,"11,839.754 μs","2,425.2440 μs","1,893.4710 μs",500.0000,218.7500,2700.91 KB
RegisterOnly,Job-JWCJLA,False,Default,Default,Default,Default,Default,Default,11111111,Empty,RyuJit,Default,X64,8c5e7fda-e8bf-4a96-9a85-a6e23a8c635c,.NET 10.0,False,True,False,True,Default,Default,False,False,False,Default,Default,Default,Default,Default,Default,Default,Default,12,Default,Default,Default,Default,Default,Default,Default,Default,16,3,WireMock,200,"3,966.353 μs",809.2622 μs,631.8187 μs,414.0625,312.5000,2321.41 KB
