Method,Job,AnalyzeLaunchVariance,EvaluateOverhead,MaxAbsoluteError,MaxRelativeError,MinInvokeCount,MinIterationTime,OutlierMode,Affinity,EnvironmentVariables,Jit,LargeAddressAware,Platform,PowerPlanMode,Runtime,AllowVeryLargeObjects,Concurrent,CpuGroups,Force,HeapAffinitizeMask,HeapCount,NoAffinitize,RetainVm,Server,Arguments,BuildConfiguration,Clock,EngineFactory,NuGetReferences,Toolchain,IsMutator,InvocationCount,IterationCount,IterationTime,LaunchCount,MaxIterationCount,MaxWarmupIterationCount,MemoryRandomization,MinIterationCount,MinWarmupIterationCount,RunStrategy,UnrollFactor,WarmupCount,Fake,Endpoints,Mean,Error,StdDev,Gen0,Gen1,Gen2,Allocated
GetWithQuery,Job-JWCJLA,False,Default,Default,Default,Default,Default,Default,11111111,Empty,RyuJit,Default,X64,8c5e7fda-e8bf-4a96-9a85-a6e23a8c635c,.NET 10.0,False,True,False,True,Default,Default,False,False,False,Default,Default,Default,Default,Default,Default,Default,Default,12,Default,Default,Default,Default,Default,Default,Default,Default,16,3,Handwritten,20,13.939 μs,2.141 μs,1.5480 μs,2.1362,0.0000,0.0000,8.75 KB
PostJsonBody,Job-JWCJLA,False,Default,Default,Default,Default,Default,Default,11111111,Empty,RyuJit,Default,X64,8c5e7fda-e8bf-4a96-9a85-a6e23a8c635c,.NET 10.0,False,True,False,True,Default,Default,False,False,False,Default,Default,Default,Default,Default,Default,Default,Default,12,Default,Default,Default,Default,Default,Default,Default,Default,16,3,Handwritten,20,7.638 μs,1.198 μs,0.8660 μs,1.1597,0.0000,0.0000,4.87 KB
AllEndpointsSequential,Job-JWCJLA,False,Default,Default,Default,Default,Default,Default,11111111,Empty,RyuJit,Default,X64,8c5e7fda-e8bf-4a96-9a85-a6e23a8c635c,.NET 10.0,False,True,False,True,Default,Default,False,False,False,Default,Default,Default,Default,Default,Default,Default,Default,12,Default,Default,Default,Default,Default,Default,Default,Default,16,3,Handwritten,20,246.685 μs,73.572 μs,57.4404 μs,25.3906,0.0000,0.0000,109 KB
AllEndpointsParallel,Job-JWCJLA,False,Default,Default,Default,Default,Default,Default,11111111,Empty,RyuJit,Default,X64,8c5e7fda-e8bf-4a96-9a85-a6e23a8c635c,.NET 10.0,False,True,False,True,Default,Default,False,False,False,Default,Default,Default,Default,Default,Default,Default,Default,12,Default,Default,Default,Default,Default,Default,Default,Default,16,3,Handwritten,20,253.370 μs,86.647 μs,67.6481 μs,25.3906,0.0000,0.0000,110.13 KB
GetWithQuery,Job-JWCJLA,False,Default,Default,Default,Default,Default,Default,11111111,Empty,RyuJit,Default,X64,8c5e7fda-e8bf-4a96-9a85-a6e23a8c635c,.NET 10.0,False,True,False,True,Default,Default,False,False,False,Default,Default,Default,Default,Default,Default,Default,Default,12,Default,Default,Default,Default,Default,Default,Default,Default,16,3,Handwritten,200,16.911 μs,2.526 μs,1.9722 μs,2.1210,0.0000,0.0000,8.66 KB
PostJsonBody,Job-JWCJLA,False,Default,Default,Default,Default,Default,Default,11111111,Empty,RyuJit,Default,X64,8c5e7fda-e8bf-4a96-9a85-a6e23a8c635c,.NET 10.0,False,True,False,True,Default,Default,False,False,False,Default,Default,Default,Default,Default,Default,Default,Default,12,Default,Default,Default,Default,Default,Default,Default,Default,16,3,Handwritten,200,7.441 μs,1.119 μs,0.8093 μs,1.1597,0.0000,0.0000,4.88 KB
AllEndpointsSequential,Job-JWCJLA,False,Default,Default,Default,Default,Default,Default,11111111,Empty,RyuJit,Default,X64,8c5e7fda-e8bf-4a96-9a85-a6e23a8c635c,.NET 10.0,False,True,False,True,Default,Default,False,False,False,Default,Default,Default,Default,Default,Default,Default,Default,12,Default,Default,Default,Default,Default,Default,Default,Default,16,3,Handwritten,200,"1,968.244 μs",292.132 μs,228.0773 μs,265.6250,0.0000,0.0000,1093.05 KB
AllEndpointsParallel,Job-JWCJLA,False,Default,Default,Default,Default,Default,Default,11111111,Empty,RyuJit,Default,X64,8c5e7fda-e8bf-4a96-9a85-a6e23a8c635c,.NET 10.0,False,True,False,True,Default,Default,False,False,False,Default,Default,Default,Default,Default,Default,Default,Default,12,Default,Default,Default,Default,Default,Default,Default,Default,16,3,Handwritten,200,"2,051.224 μs",357.945 μs,279.4602 μs,253.9063,78.1250,0.0000,1100.56 KB
GetWithQuery,Job-JWCJLA,False,Default,Default,Default,Default,Default,Default,11111111,Empty,RyuJit,Default,X64,8c5e7fda-e8bf-4a96-9a85-a6e23a8c635c,.NET 10.0,False,True,False,True,Default,Default,False,False,False,Default,Default,Default,Default,Default,Default,Default,Default,12,Default,Default,Default,Default,Default,Default,Default,Default,16,3,HttpC(...)ption [22],20,16.702 μs,1.587 μs,1.1475 μs,3.0518,0.0000,0.0000,12.8 KB
PostJsonBody,Job-JWCJLA,False,Default,Default,Default,Default,Default,Default,11111111,Empty,RyuJit,Default,X64,8c5e7fda-e8bf-4a96-9a85-a6e23a8c635c,.NET 10.0,False,True,False,True,Default,Default,False,False,False,Default,Default,Default,Default,Default,Default,Default,Default,12,Default,Default,Default,Default,Default,Default,Default,Default,16,3,HttpC(...)ption [22],20,14.110 μs,2.106 μs,1.3931 μs,1.7090,0.0000,0.0000,7.3 KB
AllEndpointsSequential,Job-JWCJLA,False,Default,Default,Default,Default,Default,Default,11111111,Empty,RyuJit,Default,X64,8c5e7fda-e8bf-4a96-9a85-a6e23a8c635c,.NET 10.0,False,True,False,True,Default,Default,False,False,False,Default,Default,Default,Default,Default,Default,Default,Default,12,Default,Default,Default,Default,Default,Default,Default,Default,16,3,HttpC(...)ption [22],20,232.712 μs,76.389 μs,50.5268 μs,39.0625,0.0000,0.0000,159.61 KB
AllEndpointsParallel,Job-JWCJLA,False,Default,Default,Default,Default,Default,Default,11111111,Empty,RyuJit,Default,X64,8c5e7fda-e8bf-4a96-9a85-a6e23a8c635c,.NET 10.0,False,True,False,True,Default,Default,False,False,False,Default,Default,Default,Default,Default,Default,Default,Default,12,Default,Default,Default,Default,Default,Default,Default,Default,16,3,HttpC(...)ption [22],20,308.780 μs,82.653 μs,64.5304 μs,39.0625,1.9531,0.0000,160.74 KB
GetWithQuery,Job-JWCJLA,False,Default,Default,Default,Default,Default,Default,11111111,Empty,RyuJit,Default,X64,8c5e7fda-e8bf-4a96-9a85-a6e23a8c635c,.NET 10.0,False,True,False,True,Default,Default,False,False,False,Default,Default,Default,Default,Default,Default,Default,Default,12,Default,Default,Default,Default,Default,Default,Default,Default,16,3,HttpC(...)ption [22],200,61.285 μs,10.414 μs,8.1306 μs,8.7891,0.0000,0.0000,37.02 KB
PostJsonBody,Job-JWCJLA,False,Default,Default,Default,Default,Default,Default,11111111,Empty,RyuJit,Default,X64,8c5e7fda-e8bf-4a96-9a85-a6e23a8c635c,.NET 10.0,False,True,False,True,Default,Default,False,False,False,Default,Default,Default,Default,Default,Default,Default,Default,12,Default,Default,Default,Default,Default,Default,Default,Default,16,3,HttpC(...)ption [22],200,38.077 μs,11.741 μs,9.1667 μs,4.8828,0.0000,0.0000,20.77 KB
AllEndpointsSequential,Job-JWCJLA,False,Default,Default,Default,Default,Default,Default,11111111,Empty,RyuJit,Default,X64,8c5e7fda-e8bf-4a96-9a85-a6e23a8c635c,.NET 10.0,False,True,False,True,Default,Default,False,False,False,Default,Default,Default,Default,Default,Default,Default,Default,12,Default,Default,Default,Default,Default,Default,Default,Default,16,3,HttpC(...)ption [22],200,"7,444.548 μs",979.323 μs,764.5907 μs,1085.9375,0.0000,0.0000,4451.63 KB
AllEndpointsParallel,Job-JWCJLA,False,Default,Default,Default,Default,Default,Default,11111111,Empty,RyuJit,Default,X64,8c5e7fda-e8bf-4a96-9a85-a6e23a8c635c,.NET 10.0,False,True,False,True,Default,Default,False,False,False,Default,Default,Default,Default,Default,Default,Default,Default,12,Default,Default,Default,Default,Default,Default,Default,Default,16,3,HttpC(...)ption [22],200,"8,521.273 μs","1,311.389 μs","1,023.8464 μs",1062.5000,234.3750,0.0000,4459.14 KB
GetWithQuery,Job-JWCJLA,False,Default,Default,Default,Default,Default,Default,11111111,Empty,RyuJit,Default,X64,8c5e7fda-e8bf-4a96-9a85-a6e23a8c635c,.NET 10.0,False,True,False,True,Default,Default,False,False,False,Default,Default,Default,Default,Default,Default,Default,Default,12,Default,Default,Default,Default,Default,Default,Default,Default,16,3,MockHttp,20,57.695 μs,28.878 μs,19.1009 μs,5.8594,0.0000,0.0000,25.27 KB
PostJsonBody,Job-JWCJLA,False,Default,Default,Default,Default,Default,Default,11111111,Empty,RyuJit,Default,X64,8c5e7fda-e8bf-4a96-9a85-a6e23a8c635c,.NET 10.0,False,True,False,True,Default,Default,False,False,False,Default,Default,Default,Default,Default,Default,Default,Default,12,Default,Default,Default,Default,Default,Default,Default,Default,16,3,MockHttp,20,30.614 μs,8.727 μs,6.3105 μs,4.3945,0.0000,0.0000,18.78 KB
AllEndpointsSequential,Job-JWCJLA,False,Default,Default,Default,Default,Default,Default,11111111,Empty,RyuJit,Default,X64,8c5e7fda-e8bf-4a96-9a85-a6e23a8c635c,.NET 10.0,False,True,False,True,Default,Default,False,False,False,Default,Default,Default,Default,Default,Default,Default,Default,12,Default,Default,Default,Default,Default,Default,Default,Default,16,3,MockHttp,20,891.222 μs,171.432 μs,113.3918 μs,85.9375,0.0000,0.0000,363.71 KB
AllEndpointsParallel,Job-JWCJLA,False,Default,Default,Default,Default,Default,Default,11111111,Empty,RyuJit,Default,X64,8c5e7fda-e8bf-4a96-9a85-a6e23a8c635c,.NET 10.0,False,True,False,True,Default,Default,False,False,False,Default,Default,Default,Default,Default,Default,Default,Default,12,Default,Default,Default,Default,Default,Default,Default,Default,16,3,MockHttp,20,470.353 μs,42.033 μs,27.8024 μs,89.8438,1.9531,0.0000,364.66 KB
GetWithQuery,Job-JWCJLA,False,Default,Default,Default,Default,Default,Default,11111111,Empty,RyuJit,Default,X64,8c5e7fda-e8bf-4a96-9a85-a6e23a8c635c,.NET 10.0,False,True,False,True,Default,Default,False,False,False,Default,Default,Default,Default,Default,Default,Default,Default,12,Default,Default,Default,Default,Default,Default,Default,Default,16,3,MockHttp,200,153.493 μs,23.754 μs,18.5454 μs,29.7852,1.4648,0.0000,121.74 KB
PostJsonBody,Job-JWCJLA,False,Default,Default,Default,Default,Default,Default,11111111,Empty,RyuJit,Default,X64,8c5e7fda-e8bf-4a96-9a85-a6e23a8c635c,.NET 10.0,False,True,False,True,Default,Default,False,False,False,Default,Default,Default,Default,Default,Default,Default,Default,12,Default,Default,Default,Default,Default,Default,Default,Default,16,3,MockHttp,200,179.441 μs,44.866 μs,32.4411 μs,28.3203,0.9766,0.0000,117.23 KB
AllEndpointsSequential,Job-JWCJLA,False,Default,Default,Default,Default,Default,Default,11111111,Empty,RyuJit,Default,X64,8c5e7fda-e8bf-4a96-9a85-a6e23a8c635c,.NET 10.0,False,True,False,True,Default,Default,False,False,False,Default,Default,Default,Default,Default,Default,Default,Default,12,Default,Default,Default,Default,Default,Default,Default,Default,16,3,MockHttp,200,"34,915.229 μs","4,405.126 μs","3,439.2325 μs",5500.0000,666.6667,0.0000,22533.87 KB
AllEndpointsParallel,Job-JWCJLA,False,Default,Default,Default,Default,Default,Default,11111111,Empty,RyuJit,Default,X64,8c5e7fda-e8bf-4a96-9a85-a6e23a8c635c,.NET 10.0,False,True,False,True,Default,Default,False,False,False,Default,Default,Default,Default,Default,Default,Default,Default,12,Default,Default,Default,Default,Default,Default,Default,Default,16,3,MockHttp,200,"25,721.718 μs","5,636.736 μs","4,400.7931 μs",5375.0000,500.0000,0.0000,22541.33 KB
GetWithQuery,Job-JWCJLA,False,Default,Default,Default,Default,Default,Default,11111111,Empty,RyuJit,Default,X64,8c5e7fda-e8bf-4a96-9a85-a6e23a8c635c,.NET 10.0,False,True,False,True,Default,Default,False,False,False,Default,Default,Default,Default,Default,Default,Default,Default,12,Default,Default,Default,Default,Default,Default,Default,Default,16,3,MoqContrib,20,32.126 μs,4.609 μs,3.5981 μs,1.4648,0.3662,0.0000,9.38 KB
PostJsonBody,Job-JWCJLA,False,Default,Default,Default,Default,Default,Default,11111111,Empty,RyuJit,Default,X64,8c5e7fda-e8bf-4a96-9a85-a6e23a8c635c,.NET 10.0,False,True,False,True,Default,Default,False,False,False,Default,Default,Default,Default,Default,Default,Default,Default,12,Default,Default,Default,Default,Default,Default,Default,Default,16,3,MoqContrib,20,32.908 μs,6.234 μs,4.8674 μs,0.8545,0.2441,0.0000,5.48 KB
AllEndpointsSequential,Job-JWCJLA,False,Default,Default,Default,Default,Default,Default,11111111,Empty,RyuJit,Default,X64,8c5e7fda-e8bf-4a96-9a85-a6e23a8c635c,.NET 10.0,False,True,False,True,Default,Default,False,False,False,Default,Default,Default,Default,Default,Default,Default,Default,12,Default,Default,Default,Default,Default,Default,Default,Default,16,3,MoqContrib,20,509.449 μs,112.632 μs,87.9356 μs,19.5313,5.8594,0.0000,122.72 KB
AllEndpointsParallel,Job-JWCJLA,False,Default,Default,Default,Default,Default,Default,11111111,Empty,RyuJit,Default,X64,8c5e7fda-e8bf-4a96-9a85-a6e23a8c635c,.NET 10.0,False,True,False,True,Default,Default,False,False,False,Default,Default,Default,Default,Default,Default,Default,Default,12,Default,Default,Default,Default,Default,Default,Default,Default,16,3,MoqContrib,20,510.437 μs,85.122 μs,66.4576 μs,19.5313,5.8594,0.0000,123.85 KB
GetWithQuery,Job-JWCJLA,False,Default,Default,Default,Default,Default,Default,11111111,Empty,RyuJit,Default,X64,8c5e7fda-e8bf-4a96-9a85-a6e23a8c635c,.NET 10.0,False,True,False,True,Default,Default,False,False,False,Default,Default,Default,Default,Default,Default,Default,Default,12,Default,Default,Default,Default,Default,Default,Default,Default,16,3,MoqContrib,200,39.233 μs,7.369 μs,5.7529 μs,2.0752,0.4883,0.0000,12.81 KB
PostJsonBody,Job-JWCJLA,False,Default,Default,Default,Default,Default,Default,11111111,Empty,RyuJit,Default,X64,8c5e7fda-e8bf-4a96-9a85-a6e23a8c635c,.NET 10.0,False,True,False,True,Default,Default,False,False,False,Default,Default,Default,Default,Default,Default,Default,Default,12,Default,Default,Default,Default,Default,Default,Default,Default,16,3,MoqContrib,200,35.015 μs,6.963 μs,5.0347 μs,1.3428,0.3662,0.0000,8.61 KB
AllEndpointsSequential,Job-JWCJLA,False,Default,Default,Default,Default,Default,Default,11111111,Empty,RyuJit,Default,X64,8c5e7fda-e8bf-4a96-9a85-a6e23a8c635c,.NET 10.0,False,True,False,True,Default,Default,False,False,False,Default,Default,Default,Default,Default,Default,Default,Default,12,Default,Default,Default,Default,Default,Default,Default,Default,16,3,MoqContrib,200,"7,289.924 μs","1,535.384 μs","1,198.7265 μs",312.5000,93.7500,0.0000,1933.45 KB
AllEndpointsParallel,Job-JWCJLA,False,Default,Default,Default,Default,Default,Default,11111111,Empty,RyuJit,Default,X64,8c5e7fda-e8bf-4a96-9a85-a6e23a8c635c,.NET 10.0,False,True,False,True,Default,Default,False,False,False,Default,Default,Default,Default,Default,Default,Default,Default,12,Default,Default,Default,Default,Default,Default,Default,Default,16,3,MoqContrib,200,"8,462.718 μs","1,711.596 μs","1,336.3018 μs",312.5000,85.9375,0.0000,1940.87 KB
GetWithQuery,Job-JWCJLA,False,Default,Default,Default,Default,Default,Default,11111111,Empty,RyuJit,Default,X64,8c5e7fda-e8bf-4a96-9a85-a6e23a8c635c,.NET 10.0,False,True,False,True,Default,Default,False,False,False,Default,Default,Default,Default,Default,Default,Default,Default,12,Default,Default,Default,Default,Default,Default,Default,Default,16,3,WireMock,20,304.145 μs,122.608 μs,95.7243 μs,13.6719,4.8828,0.0000,63.22 KB
PostJsonBody,Job-JWCJLA,False,Default,Default,Default,Default,Default,Default,11111111,Empty,RyuJit,Default,X64,8c5e7fda-e8bf-4a96-9a85-a6e23a8c635c,.NET 10.0,False,True,False,True,Default,Default,False,False,False,Default,Default,Default,Default,Default,Default,Default,Default,12,Default,Default,Default,Default,Default,Default,Default,Default,16,3,WireMock,20,468.476 μs,172.998 μs,135.0651 μs,10.7422,9.7656,0.0000,71.18 KB
AllEndpointsSequential,Job-JWCJLA,False,Default,Default,Default,Default,Default,Default,11111111,Empty,RyuJit,Default,X64,8c5e7fda-e8bf-4a96-9a85-a6e23a8c635c,.NET 10.0,False,True,False,True,Default,Default,False,False,False,Default,Default,Default,Default,Default,Default,Default,Default,12,Default,Default,Default,Default,Default,Default,Default,Default,16,3,WireMock,20,"11,568.660 μs","3,750.322 μs","2,928.0049 μs",187.5000,156.2500,0.0000,1280 KB
AllEndpointsParallel,Job-JWCJLA,False,Default,Default,Default,Default,Default,Default,11111111,Empty,RyuJit,Default,X64,8c5e7fda-e8bf-4a96-9a85-a6e23a8c635c,.NET 10.0,False,True,False,True,Default,Default,False,False,False,Default,Default,Default,Default,Default,Default,Default,Default,12,Default,Default,Default,Default,Default,Default,Default,Default,16,3,WireMock,20,"2,407.850 μs",389.897 μs,257.8926 μs,238.2813,230.4688,15.6250,1414.88 KB
GetWithQuery,Job-JWCJLA,False,Default,Default,Default,Default,Default,Default,11111111,Empty,RyuJit,Default,X64,8c5e7fda-e8bf-4a96-9a85-a6e23a8c635c,.NET 10.0,False,True,False,True,Default,Default,False,False,False,Default,Default,Default,Default,Default,Default,Default,Default,12,Default,Default,Default,Default,Default,Default,Default,Default,16,3,WireMock,200,"2,099.911 μs",688.668 μs,537.6671 μs,101.5625,7.8125,0.0000,438.5 KB
PostJsonBody,Job-JWCJLA,False,Default,Default,Default,Default,Default,Default,11111111,Empty,RyuJit,Default,X64,8c5e7fda-e8bf-4a96-9a85-a6e23a8c635c,.NET 10.0,False,True,False,True,Default,Default,False,False,False,Default,Default,Default,Default,Default,Default,Default,Default,12,Default,Default,Default,Default,Default,Default,Default,Default,16,3,WireMock,200,"1,776.164 μs",714.817 μs,558.0819 μs,97.6563,7.8125,0.0000,441.79 KB
AllEndpointsSequential,Job-JWCJLA,False,Default,Default,Default,Default,Default,Default,11111111,Empty,RyuJit,Default,X64,8c5e7fda-e8bf-4a96-9a85-a6e23a8c635c,.NET 10.0,False,True,False,True,Default,Default,False,False,False,Default,Default,Default,Default,Default,Default,Default,Default,12,Default,Default,Default,Default,Default,Default,Default,Default,16,3,WireMock,200,"289,635.517 μs","91,019.265 μs","71,061.8551 μs",19000.0000,2000.0000,0.0000,83468.91 KB
AllEndpointsParallel,Job-JWCJLA,False,Default,Default,Default,Default,Default,Default,11111111,Empty,RyuJit,Default,X64,8c5e7fda-e8bf-4a96-9a85-a6e23a8c635c,.NET 10.0,False,True,False,True,Default,Default,False,False,False,Default,Default,Default,Default,Default,Default,Default,Default,12,Default,Default,Default,Default,Default,Default,Default,Default,16,3,WireMock,200,"219,599.075 μs","15,203.619 μs","11,869.9860 μs",17000.0000,10000.0000,0.0000,104396.09 KB
